Player Name,Appearances,Goals Scored,Assists Provided,Dribbles per 90,Interceptions per 90,Tackles per 90,Total Duels Won per 90
Emiliano Martinez,7,0,0,0.00,0.00,0.00,0.65
Franco Armani,0,0,0,0,0,0,0
Geronimo Rulli,0,0,0,0,0,0,0
Nicolas Otamendi,7,0,1,0.33,1.17,1.30,7.17
Marcos Acuna,6,0,0,1.45,0.48,2.90,7.97
Nicolas Tagliafico,6,0,0,0.48,2.17,1.69,5.07
German Pezzella,3,0,0,0.00,0.00,0.00,3.16
Nahuel Molina,7,1,1,0.32,0.47,1.42,1.58
Gonzalo Montiel,4,0,0,0.77,0.77,2.31,5.39
Juan Foyth,1,0,0,0,0.00,0.00,0
Cristian Romero,7,0,0,0.16,0.49,0.82,5.09
Lisandro Martinez,5,0,0,0.30,0.90,1.50,4.19
Leandro Paredes,5,0,0,0.40,1.21,4.02,9.24
Rodrigo De Paul,7,0,0,0.60,1.05,1.79,4.64
Guido Rodriguez,1,0,0,0.00,0.00,3.16,6.32
Exequiel Palacios,3,0,0,0.00,3.83,1.91,7.66
Alexis Mac Allister,6,1,1,0.97,0.49,1.46,5.85
Enzo Fernandez,7,1,1,0.80,0.48,3.52,7.83
Alejandro Gomez,2,0,0,0.83,0.83,1.65,8.26
Lionel Messi,7,7,3,3.78,0.00,0.65,6.39
Lautaro Martinez,6,0,0,1.89,0.38,0.00,6.81
Paulo Dybala,2,0,0,5.62,0.00,0,0
Thiago Almada,1,0,0,0.00,0.00,0.00,0.00
Julian Alvarez,7,4,0,0.58,0.00,0.77,1.93
Angel Di Maria,5,1,1,6.83,0.31,0.93,7.14
Angel Correa,1,0,0,0.00,0.00,0,0
Hugo Lloris,6,0,0,0,0,0,1.10
Alphonse Areola,0,0,0,0,0,0,0
Steve Mandanda,1,0,0,0,0,0,0.00
Benjamin Pavard,1,0,0,0.00,1.01,0.00,0.00
Jules Kounde,6,0,0,0.56,1.12,2.06,4.87
Raphael Varane,6,0,0,0.17,1.04,0.17,1.90
Axel Disasi,3,0,0,2.00,2.00,4.00,14.00
William Saliba,1,0,0,3.33,0.00,0.00,6.67
Theo Hernandez,6,1,2,0.35,0.71,2.83,8.68
Lucas Hernandez,1,0,0,0.00,0.00,6.92,6.92
Ibrahima Konate,5,0,0,0.00,2.16,4.62,8.94
Dayot Upamecano,5,0,0,0.00,1.12,2.06,5.25
Adrien Rabiot,6,1,1,0.75,1.86,2.24,8.95
Aurelien Tchouam√©ni,7,1,0,0.72,2.02,1.59,4.91
Youssouf Fofana,6,0,0,0.80,1.21,3.21,5.22
Matteo Guendouzi,1,0,0,0.00,0.00,1.14,4.56
Jordan Veretout,1,0,0,0.00,0.00,2.86,2.86
Eduardo Camavinga,2,0,0,1.94,1.94,9.06,17.48
Kingsley Coman,6,0,0,4.91,1.64,1.64,8.73
Kylian Mbappe,7,8,2,7.24,0.00,0.00,5.12
Olivier Giroud,6,4,0,0.00,0.21,0.21,9.12
Antoine Griezmann,7,0,3,1.51,1.34,2.34,6.19
Ousmane Dembele,7,0,2,3.90,0.62,2.47,5.75
Randal Kolo Muani,3,1,0,3.50,0.50,3.50,16.50
Marcus Thuram,5,1,2,5.55,0.00,1.85,18.49
Dominik Livakovic,7,0,0,0,0,0,0.26
Ivica Ivusic,0,0,0,0,0,0,0
Ivo Grbic,0,0,0,0,0,0,0
Domagoj Vida,0,0,0,0,0,0,0
Dejan Lovren,6,0,1,0.00,1.38,0.90,6.34
Borna Barisic,1,0,0,0.00,0.00,0.75,11.25
Josip Juranovic,6,0,1,0.30,0.30,1.80,3.15
Borna Sosa,5,0,0,0.85,0.42,2.96,5.50
Josko Gvardiol,7,1,0,0.13,1.57,1.30,3.00
Josip Stanisic,1,0,0,0.00,1.00,3.00,7.00
Martin Erlic,0,0,0,0,0,0,0
Josip Sutalo,1,0,0,0.00,0.00,0.00,0.00
Luka Modric,7,0,0,1.37,1.23,2.06,5.35
Mateo Kovacic,7,0,0,2.39,0.56,3.38,7.31
Marcelo Brozovic,6,0,0,0.97,0.65,2.11,6.01
Mario Pasalic,7,0,0,1.35,1.01,2.36,7.08
Nikola Vlasic,6,0,0,2.18,0.44,0.44,6.11
Lovro Majer,7,1,0,1.43,0.71,2.14,4.29
Kristijan Jakic,1,0,0,0,0,0,0
Luka Sucic,0,0,0,0,0,0,0
Ivan Perisic,7,1,3,1.61,0.94,0.80,6.03
Andrej Kramaric,7,2,0,1.31,0.00,0.56,2.06
Bruno Petkovic,6,1,0,1.17,0.00,2.35,14.48
Mislav Orsic,6,1,2,1.71,0.00,1.71,2.28
Ante Budimir,2,0,0,0.00,0.00,1.67,0
Marko Livaja,6,1,1,0.75,0.37,0.37,4.48
Yassine Bounou,6,0,0,0,0,0,0.64
Munir Mohamedi,1,0,0,0,0,0,0
Ahmed Reda Tagnaouti,0,0,0,0,0,0,0
Achraf Hakimi,7,0,1,1.56,1.28,3.84,7.39
Noussair Mazraoui,5,0,0,0.98,0.24,3.42,4.40
Nayef Aguerd,4,0,0,0.00,0.76,1.02,3.56
Roman Saiss,6,0,0,0.19,0.58,0.77,3.47
Achraf Dari,3,1,0,0.00,2.89,0.48,5.78
Yahia Attiyat Allah,6,0,1,0.29,0.00,1.15,2.01
Badr Benoun,3,0,0,0.00,1.76,0.00,0.00
Jawad El Yamiq,6,0,0,0.00,1.46,1.17,5.26
Sofyan Amrabat,7,0,0,0.14,0.82,2.32,3.68
Abdelhamid Sabiri,5,1,0,1.50,2.50,1.50,4.00
Selim Amallah,7,0,0,0.66,1.76,2.85,6.37
Azzedine Ounahi,7,0,0,1.89,0.95,1.26,5.21
Bilal El Khannous,1,0,0,0.00,0.00,0.00,1.61
Yahya Jabrane,2,0,0,0.00,0.00,0.00,0.00
Hakim Ziyech,7,1,1,3.67,1.27,1.41,4.65
Sofiane Boufal,7,0,0,4.11,0.37,1.87,8.03
Zakaria Aboukhlal,4,1,0,1.23,1.23,0.00,4.94
Anass Zaroury,1,0,0,0,0,0,0
Abde Ezzalzouli,3,0,0,0,0,0,0
Ilias Chair,1,0,0,2.05,0.00,2.05,2.05
Youssef En0Nesyri,7,2,0,1.15,0.16,0.66,8.23
Walid Cheddira,2,0,0,1.43,0.00,1.43,7.15
Abderrazak Hamdallah,4,0,0,4.22,0.00,1.41,0
Justin Bijlow,0,0,0,0,0,0,0
Remko Pasveer,0,0,0,0,0,0,0
Andries Noppert,5,0,0,0,0,0,0
Daley Blind,5,1,1,0.42,1.06,2.76,4.88
Stefan de Vrij,0,0,0,0,0,0,0
Virgil van Dijk,5,0,0,0.00,0.75,0.38,9.00
Matthijs de Ligt,2,0,0,0.00,0.00,0.00,9.00
Denzel Dumfries,5,1,2,1.12,1.31,1.50,6.19
Nathan Ake,5,0,0,0.00,1.50,1.12,6.00
Jurrien Timber,4,0,0,0,0,0,0
Tyrell Malacia,0,0,0,0,0,0,0
Jeremie Frimpong,0,0,0,0,0,0,0
Frenkie de Jong,5,1,1,1.13,1.13,2.65,7.18
Steven Berghuis,4,0,1,1.82,0.00,0.91,2.27
Maarten de Roon,5,0,0,0.00,0.98,3.42,7.34
Teun Koopmeiners,5,0,1,0.41,1.24,4.15,9.12
Kenneth Taylor,1,0,0,0.00,0.00,0.00,0.00
Xavi Simons,1,0,0,0.00,12.86,0.00,0
Davy Klaassen,4,1,2,0.47,0.47,1.41,3.75
Memphis Depay,2,1,0,3.88,0.00,1.55,6.21
Luuk de Jong,1,0,0,0.00,0.00,3.21,14.46
Steven Bergwijn,4,0,0,0.84,0.00,0.42,2.09
Vincent Janssen,2,0,0,0.00,0.00,2.09,6.28
Wout Weghorst,4,2,0,0.00,0.00,0.00,4.43
Cody Gakpo,5,3,0,1.78,0.59,1.59,5.35
Noa Lang,1,0,0,0.00,12.86,0.00,0.00
Jordan Pickford,5,0,0,0,0,0,0
Nick Pope,0,0,0,0,0,0,0
Aaron Ramsdale,0,0,0,0,0,0,0
Trent Alexander0Arnold,1,0,0,0.00,0.00,0.00,0.00
Conor Coady,0,0,0,0,0,0,0
Eric Dier,2,0,0,0.00,0.00,2.65,7.94
Harry Maguire,5,0,1,0.42,0.84,1.47,8.16
Luke Shaw,5,0,1,0.42,1.06,0.64,3.18
John Stones,5,0,0,0.21,0.21,0.41,3.30
Kieran Trippier,3,0,0,0.88,0.44,2.63,6.59
Kyle Walker,3,0,0,0.76,0.76,1.14,6.08
Jude Bellingham,5,1,1,3.04,1.30,3.26,8.26
Conor Gallagher,0,0,0,0,0,0,0
Jordan Henderson,4,1,0,0.00,0.33,1.32,3.96
Mason Mount,4,0,0,1.45,0.00,0.97,6.29
Kalvin Phillips,2,0,1,0.00,0.00,0.00,0.00
Declan Rice,5,0,0,0.43,2.37,1.29,3.02
Phil Foden,4,1,2,1.39,0.35,0.35,4.86
Jack Grealish,5,1,0,5.49,3.29,3.29,17.56
Harry Kane,5,2,3,1.57,0.00,0.45,6.94
James Maddison,0,0,0,0,0,0,0
Marcus Rashford,5,3,0,5.26,0.66,0.66,4.60
Bukayo Saka,4,3,0,2.47,0.62,2.16,5.24
Raheem Sterling,3,1,1,1.81,0.60,0.60,4.22
Callum Wilson,2,0,1,0.00,0.00,0.00,0.00
Alisson,4,0,0,0,0,0,0
Ederson,1,0,0,0,0,0,0
Weverton,1,0,0,0,0,0,0
Dani Alves,2,0,0,0.77,1.54,3.85,7.69
Thiago Silva,4,0,1,0.00,1.15,0.69,4.15
Marquinhos,5,0,0,0.21,0.42,1.06,3.39
Danilo,3,0,0,0.00,0.96,1.60,4.47
Alex Sandro,3,0,0,0.95,1.42,3.79,7.11
Eder Militao,4,0,0,0.00,0.77,1.55,4.38
Alex Telles,1,0,0,0.00,0.00,3.10,6.21
Bremer,2,0,0,0.00,0.83,0.83,9.17
Casemiro,4,1,0,0.46,1.38,2.54,4.84
Lucas Paqueta,4,1,1,0.28,0.61,2.58,8.65
Fabinho,1,0,0,0.00,1.00,3.00,5.00
Fred,4,0,0,0.64,0.00,1.28,3.83
Everton Ribeiro,1,0,0,2.50,0.00,2.50,2.50
Bruno Guimaraes,2,0,0,2.50,0.00,0.00,5.00
Neymar,3,2,1,5.81,0.32,0.32,7.10
Gabriel Jesus,3,0,0,1.96,1.96,1.96,8.81
Richarlison,4,3,0,1.10,0.28,0.55,4.41
Vinicius Jr,4,1,2,3.89,0.00,1.20,4.49
Antony,4,0,0,6.84,0.53,1.58,6.85
Raphinha,5,0,0,2.84,0.85,2.27,4.54
Rodrygo,5,0,1,3.02,1.01,2.01,5.53
Gabriel Matinelli,2,0,0,5.68,0.00,1.62,6.49
Pedro,2,0,0,0.00,1.45,2.90,14.51
Diogo Costa,5,0,0,0,0,0,0
Rui Patricio,0,0,0,0,0,0,0
Jose Sa,0,0,0,0,0,0,0
Diogo Dalot,3,0,1,0.69,0.69,2.78,7.64
Danilo Pereira,1,0,0,1.00,3.00,1.00,14.00
Pepe,4,1,0,0.25,1.50,1.25,7.25
Ruben Dias,4,0,0,0.00,0.75,0.75,3.75
Antonio Silva,1,0,0,0.00,1.00,1.00,5.00
Nuno Mendes,1,0,0,4.29,4.29,0.00,12.85
Joao Cancelo,4,0,0,2.62,0.58,2.04,10.19
Raphael Guerreiro,4,1,2,0.65,0.97,0.97,3.23
Joao Palhinha,3,0,0,2.57,2.57,5.14,5.14
Ruben Neves,5,0,0,0.00,0.66,0.33,2.32
Bernardo Silva,5,0,0,0.50,0.50,0.50,1.76
Bruno Fernandes,4,2,3,0.76,0.50,0.76,4.28
Joao Mario,2,0,0,1.08,0.00,2.17,2.17
Matheus Nunes,2,0,0,1.23,0.00,0.00,3.70
Otavio,3,0,0,0,0,0,0
William Carvalho,4,0,0,0.00,0.00,2.51,6.69
Vitinha,3,0,0,1.51,0.00,2.27,5.29
Andre Silva,1,0,0,0.00,0.00,0.00,7.20
Cristiano Ronaldo üêê,5,1,0,0.62,0.00,0.00,6.49
Goncalo Ramos,4,3,1,1.18,0.00,0.59,7.11
Joao Felix,4,1,2,2.16,1.08,0.54,5.13
Rafael Leao,5,2,0,6.51,1.08,0.00,7.59
Ricardo Horta,3,1,0,0.00,0.76,1.53,2.29
Mat Ryan,4,0,0,0,0,0,0
Danny Vukovic,0,0,0,0,0,0,0
Andrew Redmayne,0,0,0,0,0,0,0
Aziz Behic,4,0,0,3.00,0.75,2.00,5.50
Milos Degenek,4,0,0,1.49,0.50,2.49,11.93
Bailey Wright,1,0,0,0.00,0.00,0.00,11.24
Fran Karacic,2,0,0,0.00,1.91,2.87,10.53
Harry Souttar,4,0,0,0.00,1.50,1.00,7.25
Nathaniel Atkinson,1,0,0,2.12,1.06,4.24,4.24
Joel King,0,0,0,0,0,0,0
Kye Rowles,4,0,0,0.00,1.75,2.25,4.25
Thomas Deng,0,0,0,0,0,0,0
Aaron Mooy,4,0,0,0.75,0.50,2.25,4.00
Jackson Irvine,4,0,0,0.51,0.51,1.01,6.08
Ajdin Hrustic,2,0,0,6.10,1.53,1.53,6.10
Riley McGree,4,0,1,0.00,1.67,0.67,2.00
Keanu Baccus,4,0,0,0.00,1.61,0.80,4.82
Cameron Devlin,0,0,0,0,0,0,0
Mathew Leckie,4,1,1,2.69,0.27,1.07,11.02
Awer Mabil,2,0,0,4.09,4.09,0.00,0.00
Jamie Maclaren,3,0,0,0.00,1.70,0.00,3.40
Mitchell Duke,4,1,0,0.66,0.66,0.00,8.58
Marco Tilio,0,0,0,0,0,0,0
Craig Goodwin,4,1,0,0.00,0.00,1.52,3.04
Jason Cummings,1,0,0,2.65,0.00,0.00,0.00
Garang Kuol,2,0,0,0,0,0,0
Matt Turner,4,0,0,0,0,0,0
Ethan Horvath,0,0,0,0,0,0,0
Sean Johnson,0,0,0,0,0,0,0
Cameron Carter0Vickers,1,0,0,0.00,0.00,0.00,9.00
Sergi√±o Dest,4,0,1,2.33,0.58,0.87,2.91
Aaron Long,0,0,0,0,0,0,0
Shaq Moore,2,0,0,0.00,0.00,9.00,18.00
Tim Ream,4,0,0,0.25,1.00,1.00,4.75
Antonee Robinson,4,0,0,1.25,1.75,1.50,5.50
Joe Scally,0,0,0,0,0,0,0
DeAndre Yedlin,2,0,0,0.00,0.00,5.81,11.61
Walker Zimmerman,4,0,0,0.00,1.29,0.97,6.15
Brenden Aaronson,4,0,0,6.06,0.87,2.60,6.92
Kellyn Acosta,2,0,0,0.00,0.00,6.59,10.98
Tyler Adams,4,0,0,0.25,1.00,2.25,6.25
Luca de la Torre,0,0,0,0,0,0,0
Weston McKennie,4,0,0,0.65,0.00,0.65,3.60
Yunus Musah,4,0,0,0,0,0,0
Cristian Roldan,0,0,0,0,0,0,0
Jes√∫s Ferreira,1,0,0,1.96,0.00,1.96,5.87
Jordan Morris,2,0,0,0.00,0.00,0.00,0.00
Christian Pulisic,4,1,2,1.99,0.00,0.57,5.70
Gio Reyna,2,0,0,0.00,0.00,0.00,10.59
Tim Weah,4,1,0,0.56,0.00,0.28,2.25
Haji Wright,4,1,0,0.67,0.00,1.33,10.00
Wojciech Szczesny,4,0,0,0,0,0,0
Kamil Grabara,0,0,0,0,0,0,0
Lukasz Skorupski,0,0,0,0,0,0,0
Jan Bednarek,1,0,0,0.00,0.00,0.00,0.00
Kamil Glik,4,0,0,0.00,0.75,0.50,2.50
Robert Gumny,0,0,0,0,0,0,0
Artur Jedrzejczyk,1,0,0,0.00,0.00,0.00,0.00
Jakub Kiwior,4,0,0,0.00,0.76,0.50,2.02
Mateusz Wieteska,0,0,0,0,0,0,0
Bartosz Bereszynski,4,0,0,1.84,0.79,1.58,5.00
Matty Cash,4,0,0,0.50,0.00,1.00,2.50
Nicola Zalewski,2,0,0,2.77,0.00,5.54,8.31
Krystian Bielik,4,0,0,1.26,1.67,1.26,9.21
Przemyslaw Frankowski,4,0,0,0.74,1.12,2.60,5.95
Kamil Grosicki,1,0,0,0,0.00,0.00,0
Grzegorz Krychowiak,4,0,0,0.54,1.35,2.43,6.74
Jakub Kaminski,4,0,0,1.55,0.00,2.33,3.88
Michal Skoras,1,0,0,0.00,2.05,0.00,8.19
Damian Szymanski,1,0,0,0.00,3.21,0.00,0.00
Sebastian Szymanski,2,0,0,1.33,1.33,4.00,8.00
Piotr Zielinski,4,1,0,0.82,0.27,1.91,2.73
Szymon Zurkowski,0,0,0,0,0,0,0
Robert Lewandowski,4,2,1,2.75,0.50,0.75,12.50
Arkadiusz Milik,3,0,0,0.00,0.00,0.00,9.00
Krzysztof Piatek,2,0,0,0.00,0.00,0.00,17.30
Karol Swiderski,1,0,0,0.00,3.91,7.83,0
Edouard Mendy,4,0,0,0,0,0,0
Alfred Gomis,0,0,0,0,0,0,0
Seny Dieng,0,0,0,0,0,0,0
Formose Mendy,0,0,0,0,0,0,0
Kalidou Koulibaly,4,1,0,0.00,0.75,3.00,9.25
Papa Abou Cisse,2,0,0,0.88,1.76,0.00,4.41
Abdou Diallo,4,0,0,0.00,0.27,0.54,4.34
Fode Ballo0Toure,1,0,0,0.00,0.00,0.00,0
Ismail Jakobs,4,0,1,0.32,1.29,0.00,7.39
Youssouf Sabaly,4,0,0,1.25,1.00,1.50,7.50
Moussa Ndiaye,0,0,0,0,0,0,0
Papa Gueye,3,0,0,0.60,1.19,2.38,10.13
Pape Matar Sarr,0,0,0,1.61,0.00,4.82,8.65
Nampalys Mendy,4,0,0,0.33,0.99,1.31,2.30
Krepin Diatta,3,0,0,1.96,0.00,0.00,3.43
Pathe Ciss,3,0,0,1.23,1.23,1.85,8.63
Moustapha Name,0,0,0,0,0,0,0
Loum Ndiaye,0,0,0,0,0,0,0
Boulaye Dia,4,1,0,0.56,0.28,0.28,4.76
Ismalia Sarr,4,1,0,3.40,0.52,0.78,11.77
Bamba Dieng,4,1,0,0,0,0,0
Iliman Ndiaye,3,0,1,4.60,0.66,0.00,3.94
Nicolas Jackson,1,0,0,0,0,0,0
Famara Diedhiou,2,1,0,0.98,0.00,0.00,11.74
Eiji Kawashima,0,0,0,0,0,0,0
Shuichi Gonda,4,0,0,0,0,0,0
Daniel Schmidt,0,0,0,0,0,0,0
Miki Yamane,1,0,0,1.45,2.90,1.45,4.35
Shogo Taniguchi,2,0,0,0.00,0.43,0.43,6.43
Yuto Nagatomo,4,0,0,1.69,0.00,1.69,3.80
Takehiro Tomiyasu,3,0,0,0.00,0.00,0.00,5.84
Hiroki Sakai,2,0,0,1.50,0.75,3.75,9.00
Maya Yoshida,4,0,1,0.46,0.69,0.92,6.76
Hiroki Ito,1,0,0,0.00,0.00,0.00,4.10
Wataru Endo,4,0,0,0.89,0.89,2.38,10.69
Gaku Shibasaki,0,0,0,0,0,0,0
Ritsu Doan,4,2,0,2.49,0.83,2.49,6.22
Kaoru Mitoma,4,0,1,2.80,1.12,3.91,7.83
Takumi Minamino,3,0,0,1.61,0.00,3.21,3.21
Hidemasa Morita,3,0,0,1.26,0.63,0.00,3.46
Junya Ito,4,0,1,1.95,1.11,1.95,5.58
Daichi Kamada,4,0,0,1.11,0.00,1.94,4.72
Ao Tanaka,3,1,0,0.00,1.57,1.57,5.23
Yuki Soma,1,0,0,2.20,0.00,2.20,6.59
Takuma Asano,4,1,0,0.56,0.56,0.00,1.12
Shuto Machino,0,0,0,0,0,0,0
Ayase Ueda,0,0,0,0,0,0,0
Daizen Maeda,3,1,0,0.00,1.48,1.48,3.90
Kim Seung0gyu,4,0,0,0,0,0,0
Jo Hyeon0woon,0,0,0,0,0,0,0
Song Bum0keun,0,0,0,0,0,0,0
Kim Min0jae,3,0,0,0.33,0.67,0.67,7.66
Kim Jin0su,4,0,1,0.57,0.85,2.85,10.26
Hong Chul,1,0,0,2.05,2.05,0.00,4.05
Kim Moon0hwan,4,0,0,1.00,1.00,2.25,5.75
Yoon Jong0gyu,0,0,0,0,0,0,0
Kim Young0gwon,4,1,0,0.00,0.77,0.77,4.36
Kim Tae0hwan,"N,A","N,A","N,A","N,A","N,A","N,A","N,A"
Kwon Kyung0won,4,0,0,0.00,0,0,0
Cho Yu0min,1,0,0,0,0,0,0
Jung Woo0young,4,0,0,0.00,0.59,1.48,5.04
Na Sang0ho,2,0,0,3.05,0.00,3.05,7.63
Paik Seung0ho,1,1,0,0.00,0.00,10.80,0
Son Jun0ho,3,0,0,0.00,3.91,3.91,3.91
Song Min0kyu,0,0,0,0,0,0,0
Kwon Chang0hoon,1,0,0,0,0,0,0
Lee Jae0sung,3,0,0,1.26,1.26,2.10,5.89
Hwang In0beom,4,0,0,1.07,0.81,1.07,2.96
Lee Kang0in,4,0,1,0.62,0.00,2.47,5.55
Son Heung0min,4,0,1,3.25,0.50,1.25,3.50
Hwang Hee0chan,2,1,0,7.11,0.00,0.79,5.53
Jeong Woo0yeong,1,0,0,1.96,0.00,0.00,0.00
Hwang Ui0jo,4,0,0,0.86,0.00,0.00,2.57
Cho Gue0sung,0,0,0,0,0,0,0
Robert Sanchez,0,0,0,0,0,0,0
David Raya,0,0,0,0,0,0,0
Unai Simon,4,0,0,0,0,0,0
Cesar Azpilicueta,2,0,1,0.00,0.66,0.66,3.31
Jordi Alba,4,0,2,1.02,1.02,2.37,4.74
Hugo Guillamon,3,1,0,0,0,0,0
Pau Torrres,1,0,0,0.00,0.00,0.00,1.00
Eric Garcia,3,0,0,0,0,0,0
Alejandro Balde,4,0,0,0.00,0.00,4.35,5.08
Dani Carvajal,2,0,0,0.00,1.34,0.67,1.34
Aymeric Laporte,3,0,0,0.00,0.60,0.60,4.20
Sergio Busquets,4,0,0,0.25,0.25,1.73,6.68
Marcos Llorente,1,0,0,0.00,0.00,0.00,0.00
Pedri,4,0,0,2.02,1.01,1.01,3.53
Rodri,4,0,0,0.00,0.69,1.15,8.77
Koke,2,0,0,0.00,0.00,1.80,1.80
Gavi,4,1,0,0.94,0.31,2.51,8.78
Carlos Soler,2,1,0,1.00,0.00,0.00,2.00
Alvaro Morata,4,3,1,1.48,0.00,0.49,2.95
Yeremy Pino,0,0,0,0,0,0,0
Ferran Torres,4,2,0,4.52,0.00,0.00,2.88
Marco Asensio,4,1,0,0.78,0.00,0.39,1.56
Pablo Sarabia,1,0,0,0,0,0,0
Dani Olmo,4,1,1,3.91,0.24,1.22,3.42
Nico Williams,4,0,0,8.07,0.00,2.48,6.83
Ansu Fati,2,0,0,4.09,0.00,2.05,6.14
Yann Sommer,3,0,0,0,0,0,0
Jonas Omlin,0,0,0,0,0,0,0
Gregor Kobel,1,0,0,0,0,0,0
Philipp Kohn,0,0,0,0,0,0,0
Ricardo Rodriguez,4,0,0,0.00,0.00,1.50,7.00
Fabian Schar,2,0,0,0.00,1.32,1.32,7.94
Manuel Akanji,4,1,0,0.00,0.75,1.25,6.00
Nico Elvedi,2,0,0,0.00,0.50,1.00,4.50
Eray Comert,2,0,0,0.00,4.09,0.00,2.05
Xherdan Shaqiri,3,1,1,0.78,0.00,0.00,3.12
Granit Xhaka,4,0,0,0.25,0.50,1.50,6.25
Remo Freuler,4,1,0,0.56,0.83,2.22,3.34
Denis Zakaria,2,0,0,1.58,4.74,0.00,6.32
Djibril Sow,4,0,1,0.33,0.33,0.66,3.65
Renato Steffen,1,0,0,2.81,0.00,0.00,2.81
Edimilson Fernandes,3,0,0,1.26,1.26,1.26,2.52
Fabian Frei,2,0,0,0.00,4.09,4.09,4.09
Michel Aebischer,1,0,0,0.00,0.00,6.43,0
Ardon Jashari,0,0,0,0,0,0,0
Fabian Rieder,2,0,0,1.34,0.00,4.03,8.06
Haris Seferovic,3,0,0,0.00,0.00,0.00,0.00
Breel Embolo,4,2,0,1.38,0.00,0.28,4.68
Ruben Vargas,4,0,1,1.56,0.31,0.00,3.13
Christian Fassnacht,1,0,0,0,0.00,0.00,0
Noah Okafor,3,0,0,2.14,0.00,0.00,2.14
Hernan Galindez,0,0,0,0,0,0,0
Moises Ramirez,0,0,0,0,0,0,0
Alexander Dominguez,0,0,0,0,0,0,0
Felix Torres,3,0,1,0.33,1.33,0.67,6.67
Piero Hincapie,3,0,0,0.00,0.67,2.33,6.00
Robert Arboleda,0,0,0,0,0,0,0
William Pacho,0,0,0,0,0,0,0
Pervis Estupinan,3,0,0,2.33,1.00,2.33,6.00
Xavier Arreaga,0,0,0,0,0,0,0
Angelo Preciado,3,0,1,0.34,1.70,2.38,5.10
Diego Palacios,0,0,0,0,0,0,0
Jackson Porozo,2,0,0,0.00,2.84,1.89,5.69
Jose Cifuentes,0,0,0,0,0,0,0
Carlos Gruezo,1,0,0,0.00,0.00,3.91,3.91
Angel Mena,0,0,0,0,0,0,0
Jeremy Sarmiento,3,0,0,0,0,0,0
Gonzalo Plata,3,0,0,4.00,0.67,1.00,7.67
Jhegson Mendez,0,0,0,0,0,0,0
Alan Franco,0,0,0,0,0,0,0
Moises Caicedo,3,1,0,0.00,0.67,2.00,4.33
Kevin Rodriguez,0,0,0,0,0,0,0
Ayrton Preciado,0,0,0,0,0,0,0
Romario Ibarra,2,0,0,0.50,1.32,0.00,1.32
Michael Estrada,3,0,0,0.79,0.00,0.39,0
Enner Valencia,3,3,0,2.10,0.35,0.70,5.25
Djorkaeff Reasco,1,0,0,0.00,0.00,0.00,0.00
Saad Al Sheeb,1,0,0,0,0,0,0
Meshaal Barsham,0,0,0,0,0,0,0
Yousef Hassan,0,0,0,0,0,0,0
Abdelkarim Hassan,0,0,0,0,0,0,0
Boualem Khoukhi,3,0,0,0.33,1.00,0.67,2.33
Pedro Miguel,3,0,0,1.03,2.74,2.05,6.51
Tarek Salman,1,0,0,0.00,0,0,0
Bassam Al0Rawi,1,0,0,0.00,0.00,0.00,4.00
Musab Kheder,0,0,0,0,0,0,0
Homam Ahmed,0,0,0,0,0,0,0
Jassem Gaber,0,0,0,0,0,0,0
Karim Boudiaf,3,0,0,1.95,0.00,0.97,8.76
Salem Al0Hajri,0,0,0,0,0,0,0
Abdulaziz Hatem,3,0,0,0.00,0.46,0.46,1.84
Ali Assadalla,0,0,0,0,0,0,0
Mohammed Waad,0,0,0,0,0,0,0
Assim Madibo,0,0,0,0,0,0,0
Mustafa Tarek,0,0,0,0,0,0,0
Hassan Al0Haydos,3,0,0,2.14,0.86,1.29,1.71
Akram Afif,3,0,0,1.67,0.00,0.00,3.33
Almoez Ali,3,0,0,1.19,0.40,0.40,3.19
Ismaeel Mohammada,0,0,0,0,0,0,0
Mohammed Muntari,0,0,0,0,0,0,0
Ahmed Alaaeldin,1,0,0,0.00,0.00,0.00,0.00
Khalid Muneer,0,0,0,0,0,0,0
Naif Al0Hadhrami,0,0,0,0,0,0,0
Alireza Beiranvand,2,0,0,0,0,0,0
Amir Absedzadeh,0,0,0,0,0,0,0
Hossein Hosseini,2,0,0,0,0,0,0
Payam Niazmand,0,0,0,0,0,0,0
Ehsan Hajsafi,3,0,0,0.76,0.76,3.03,5.68
Hossein Kanaani,1,0,0,0.00,2.05,0.00,2.05
Morteza Pouraliganji,3,0,0,0.00,2.00,0.67,7.66
Ramin Rezaeian,2,1,0,0.50,1.50,3.50,6.50
Milad Mohammadi,3,0,0,0.45,0.45,4.55,7.72
Shojae Khalilzadeh,0,0,0,0,0,0,0
Sadegh Moharrami,1,0,0,0.00,1.00,1.00,3.00
Majid Hosseini,3,0,0,0.00,2.00,2.00,6.33
Abolfazi Jalali,1,0,0,1.00,0.00,0.00,0.00
Vahid Amiri,0,0,0,0,0,0,0
Alireza Jahanbakhsh,2,0,0,1.53,1.53,1.53,3.05
Saeid Ezatolahi,0,0,0,0,0,0,0
Mehdi Torabi,3,0,0,3.05,3.05,1.53,3.05
Rouzbeh Cheshmi,2,1,0,0.00,3.05,0.00,3.06
Saman Ghoddos,1,0,0,0.00,0.00,2.05,2.05
Ali Gholizadeh,3,0,1,3.18,1.36,0.00,1.82
Ahmad Nourollahi,3,0,0,0.80,2.40,2.00,3.20
Ali Karimi,3,0,0,0.00,2.76,2.76,9.19
Karim Ansarifard,2,0,0,0.00,2.57,0.00,0.00
Sardar Azmoun,3,0,0,0.71,0.00,0.00,6.37
Mehdi Taremi,3,2,1,1.67,0.67,1.33,6.34
Danny Ward,2,0,0,0,0,0,0
Wayne Hennessey,2,0,0,0,0,0,0
Adam Davies,0,0,0,0,0,0,0
Ben Davies,3,0,0,1.13,0.38,1.51,8.67
Ben Cabango,0,0,0,0,0,0,0
Joe Rodon,3,0,0,0.00,1.33,0.67,2.00
Chris Mepham,3,0,0,0.00,0.33,2.33,7.33
Ethan Ampadu,3,0,0,0.70,1.40,1.40,4.90
Chris Gunter,0,0,0,0,0,0,0
Neco Williams,3,0,0,1.32,1.76,2.20,6.59
Connor Roberts,3,0,0,0.00,0.45,1.34,2.69
Sorba Thomas,1,0,0,0.00,0.00,0.00,0.00
Joe Allen,2,0,0,0.00,0.96,0.96,2.87
Matthew Smith,0,0,0,0,0,0,0
Dylan Levitt,0,0,0,0,0,0,0
Harry Wilson,3,0,0,0.00,0.56,2.25,4.50
Joe Morrell,2,0,0,0.00,2.90,0,0
Jonny Williams,0,0,0,0,0,0,0
Aaron Ramsey,3,0,0,2.36,0.00,0.67,2.36
Rubin Colwill,1,0,0,0.00,0.00,0.00,0.00
Gareth Bale,3,1,0,0.80,0.40,0.40,5.97
Kieffer Moore,3,0,0,0.00,0.80,0.40,10.85
Mark Harris,0,0,0,0,0,0,0
Brennan Johnson,3,0,0,4.00,0.00,0.00,0.00
Dan James,3,0,0,0.58,0.58,0.58,1.73
Guillermo Ochoa,3,0,0,0,0,0,0
Alfredo Talavera,0,0,0,0,0,0,0
Rodolfo Cota,0,0,0,0,0,0,0
Hector Moreno,3,0,0,0.00,0.33,0.67,5.00
Jesus Gallardo,3,0,0,1.33,0.33,3.00,5.00
Nestor Araujo,1,0,0,0.00,3.00,1.00,1.00
Cesar Montes,3,0,1,0.67,0.67,2.00,7.33
Jorge Sanchez,2,0,0,2.56,1.02,0.51,4.70
Gerardo Arteaga,0,0,0,0,0,0,0
Kevin Alvarez,2,0,0,3.86,1.29,1.29,3.86
Johan Vasquez,0,0,0,0,0,0,0
Andres Guardado,1,0,0,0.00,0.00,8.57,8.57
Hector Herrera,3,0,0,0.00,0.33,0.67,5.00
Edson Alvarez,2,0,0,0.51,2.05,1.02,13.29
Orbelin Pineda,1,0,0,1.17,0.00,4.68,9.35
Uriel Antuna,3,0,0,0.00,0.00,4.86,6.08
Erick Gutierrez,1,0,0,0.00,3.75,1.88,0
Carlos Rodriguez,2,0,0,2.00,0.00,0.00,8.44
Roberto Alvarado,1,0,0,1.00,0.00,0.00,10.58
Luis Romo,0,0,0,0,0,0,0
Alexis Vega,3,0,0,1.38,0.46,0.00,4.13
Luis Chavez,3,1,0,1.33,0.00,0.33,7.00
Raul Jimenez,3,0,0,0.00,1.61,0.00,11.25
Hirving Lozano,3,0,0,2.49,0.00,2.49,8.54
Henry Martin,2,1,0,0.00,1.82,0.61,6.08
Rogelio Funes Mori,1,0,0,0.00,0.00,0,0
Mohammed Al0Owais,3,0,0,0,0,0,0
Mohammed Al Yami,0,0,0,0,0,0,0
Nawaf Al0Aqidi,0,0,0,0,0,0,0
Yasser Al0Shahrani,1,0,0,0.00,6.00,3.00,3.00
Mohammed Al0Breik,2,0,0,0.00,0.00,1.38,5.53
Ali Al0Bulaihi,3,0,0,0.00,1.24,1.66,4.56
Sultan Al0Ghanam,3,0,0,1.44,1.44,0.00,0.00
Saud Abdulhamid,3,0,0,1.00,0.33,1.67,6.66
Abdulelah Al0Amri,3,0,0,0.00,1.98,0.49,0
Hassan Tambakti,2,0,0,0.00,1.00,2.00,5.50
Abdullah Madu,1,0,0,0.00,2.05,2.05,6.14
Nawaf Alabid,2,0,0,0.66,2.09,0.00,6.28
Salman Al0Faraj,1,0,0,0.00,0.00,2.00,2.00
Salem Al0Dawsari,3,2,0,2.33,0.33,1.67,3.66
Abdullah Otayf,0,0,0,0,0,0,0
Mohamed Kanno,0,0,0,0,0,0,0
Abdulellah Al0Malki,2,0,0,0.00,1.54,2.06,4.11
Sami Al0Najei,1,0,0,0.00,0.00,0.00,0.00
Ali Al0Hassan,1,0,0,0.00,0.00,0.00,0
Nasser Al0Dawsari,1,0,0,0.00,0.00,0,0
Abdulrahman Al0Aboud,2,0,0,0.66,0.00,0,0
Firas Al0Buraikan,3,0,1,1.67,0.67,1.00,6.36
Saleh Al0Shehri,3,1,0,0.80,0.00,1.20,8.00
Haitham Asiri,0,0,0,0,0,0,0
Kasper Schmeichel,3,0,0,0,0,0,0
Oliver Christensen,0,0,0,0,0,0,0
Frederik Ronnow,0,0,0,0,0,0,0
Simon Kjaer,1,0,0,0.00,6.92,0.00,8.30
Andreas Christensen,3,1,0,0.00,1.33,1.67,6.00
Jens Stryger Larsen,0,0,0,0,0,0,0
Daniel Wass,0,0,0,0,0,0,0
Rasmus Kristensen,3,0,0,1.59,0.80,3.58,6.77
Joakim Maehle,3,0,0,3.25,0.72,3.25,5.42
Joachim Andersen,3,0,1,0,0,0,0
Thomas Delaney,1,0,0,0.00,0.00,0.00,8.00
Victor Nelsson,1,0,0,0.00,2.00,0.00,10.00
Alexander Bah,2,0,0,0.50,4.06,0,0
Christian Eriksen,3,0,0,1.33,0.33,0.33,0.67
Christian Norgaard,1,0,0,0,0,0,0
Pierre0Emile Hojbjerg,3,0,0,0.67,1.33,1.33,2.66
Mathias Jensen,0,0,0,0,0,0,0
Robert Skov,1,0,0,1.00,0.00,0.00,0.00
Martin Braithwaite,2,0,0,1.75,0.00,0.00,2.62
Andreas Cornelius,3,0,0,0.98,0.00,0.00,0
Kasper Dolberg,3,0,0,1.59,0.00,0.80,3.19
Andreas Skov Olsen,2,0,0,1.34,0.00,0.00,2.01
Mikkel Damsgaard,3,0,0,0.60,0.60,2.42,3.02
Jonas Wind,0,0,0,0,0,0,0
Jesper Lindstrom,3,0,0,5.40,0.00,0.45,4.95
Yussuf Yurary Poulsen,0,0,0,0,0,0,0
Aymen Dahmen,0,0,0,0,0,0,0
Mouez Hassen,0,0,0,0,0,0,0
Balbouli,0,0,0,0,0,0,0
Bechir Ben Sa√Ød,0,0,0,0,0,0,0
Mohamed Drager,2,0,0,1.34,0.67,3.36,7.38
Wajdi Kechrida,3,0,0,3.30,0.00,2.48,4.96
Bilel Ifa,0,0,0,0,0,0,0
Montassar Talbi,3,0,0,0.00,0.33,1.00,7.00
Dylan Bronn,2,0,0,0.00,0.00,1.66,4.41
Yassine Meriah,0,0,0,0,0,0,0
Nader Ghandri,0,0,0,0,0,0,0
Ali Maaloul,1,0,0,0.00,0.00,1.00,1.00
Ali Abdi,0,0,0,0,0,0,0
Ellyes Skhiri,3,0,0,0.67,2.33,3.33,5.00
Aissa Laidouni,3,0,1,1.10,1.10,1.10,1.47
Ferjani Sassi,2,0,0,1.00,1.96,3.91,0
Ghailene Chaalali,0,0,0,0,0,0,0
Hannibal Mejbri,1,0,0,0.00,0,0,0
Mohamed Ali Ben Romdhane,1,0,0,1.22,0.00,6.08,0
Seifeddine Jaziri,0,0,0,0,0,0,0
Naim Sliti,2,0,0,4.78,0.00,2.39,0
Taha Yassine Khenissi,2,0,0,0.00,0.00,0.00,3.33
Anis Ben Slimane,2,0,0,0.60,0.60,1.80,9.00
Issam Jebali,3,0,0,0.98,0.00,1.48,4.91
Wahbi Khazri,2,1,0,1.00,0.00,2.17,4.34
Youssef Msakni,2,0,0,2.65,0.00,1.59,9.00
Manuel Neuer,3,0,0,0,0,0,0
Marc0Andre ter Stegen,0,0,0,0,0,0,0
Kevin Trapp,0,0,0,0,0,0,0
Antonio Rudiger,3,0,0,0.00,0.00,0.67,5.67
Matthias Ginter,0,0,0,0,0,0,0
Niklas Sule,3,0,0,0.00,0.00,1.67,6.33
Thilo Kehrer,1,0,0,0.00,2.57,7.71,7.71
Lukas Klostermann,2,0,0,0.00,0.00,4.22,4.22
David Raum,3,0,1,1.11,2.58,1.84,7.37
Christian Gunter,0,0,0,0,0,0,0
Nico Schlotterbeck,2,0,0,1.94,0.97,3.87,8.71
Armel Bella0Kotchap,0,0,0,0,0,0,0
Joshua Kimmich,3,0,0,1.67,1.33,1.67,4.67
Mario Gotze,2,0,0,1.00,0.00,0,0
Ilkay Gundogan,3,1,0,0.94,0.47,1.41,6.10
Leon Goretzka,3,0,0,0.00,0.57,2.83,7.93
Julian Brandt,0,0,0,0,0,0,0
Kai Havertz,2,2,0,0.00,0.87,0.87,0.87
Jamal Musiala,3,0,1,10.08,0.35,0.35,9.04
Jonas Hofmann,2,0,0,3.21,0.00,0.00,0.00
Thomas Muller,3,0,0,0.00,0.44,0.89,2.21
Leroy Sane,2,0,1,4.09,0.00,0.82,3.87
Serge Gnabry,3,1,1,1.70,68.00,1.70,3.40
Karim Adeyemi,0,0,0,0,0,0,0
Niclas Fullkrug,3,2,1,0.33,0.00,0.00,13.63
Youssoufa Moukoko,1,0,0,0.00,0.00,0.00,0.00
Keylor Navas,3,0,0,0,0,0,0
Esteban Alvarado,0,0,0,0,0,0,0
Patrick Sequeira,0,0,0,0,0,0,0
Bryan Oviedo,0,0,0,0,0,0,0
Oscar Duarte,3,0,0,0.00,2.33,1.33,2.67
Kendall Waston,3,0,0,0.00,2.01,2.81,6.02
Ronald Matarrita,0,0,0,0,0,0,0
Keysher Fuller,3,1,0,0.71,0.71,1.77,3.54
Juan Pablo Vargas,0,0,0,0,0,0,0
Carlos Martinez,1,0,0,0.00,1.96,1.96,5.87
Celso Borges,3,0,0,0.72,1.79,1.79,6.81
Bryan Ruiz,0,0,0,0,0,0,0
Yeltsin Tejeda,3,1,1,33.00,0.33,1.33,4.66
Gerson Torres,1,0,0,0.00,0.00,0.00,11.08
Jewison Bennette,3,0,0,3.53,0.00,0.00,2.65
Daniel Chacon,0,0,0,0,0,0,0
Youstin Salas,0,0,0,0,0,0,0
Roan Wilson,1,0,0,0.00,0.00,0.00,0.00
Brandon Aguilera,3,0,0,0,0,0,0
Douglas Lopez,0,0,0,0,0,0,0
Anthony Hernandez,0,0,0,0,0,0,0
Alvaro Zamora,0,0,0,0,0,0,0
Joel Campbell,3,0,0,3.00,0.00,3.00,12.00
Johan Venegas,1,0,0,1.22,0.00,0.00,1.22
Anthony Contreras,3,0,0,0.00,0.71,3.57,11.43
Thibaut Courtois,3,0,0,0,0,0,0
Simon Mignolet,0,0,0,0,0,0,0
Koen Casteels,0,0,0,0,0,0,0
Toby Alderweireld,3,0,1,0.00,0.00,1.33,2.00
Arthur Theate,0,0,0,0,0,0,0
Zeno Debast,0,0,0,0,0,0,0
Jan Vertonghen,3,0,0,0.00,1.67,0.00,9.34
Wout Faes,0,0,0,0,0,0,0
Timothy Castagne,3,0,0,0.33,0.67,2.00,4.33
Thomas Meunier,3,0,0,0.85,0.85,2.55,5.10
Thorgan Hazard,2,0,0,1.70,0.00,2.55,4.25
Kevin De Bruyne,3,0,0,1.67,0.00,0.33,4.33
Yannick Carrasco,2,0,0,2.29,0.76,3.81,6.10
Leander Dendoncker,0,0,0,0,0,0,0
Youri Tielemans,3,0,0,0.00,1.91,2.87,7.65
Hans Vanaken,0,0,0,0,0,0,0
Axel Witsel,3,0,0,0.00,1.33,1.33,5.66
Charles De Ketelaere,1,0,0,0,0,0,0
Jeremy Doku,0,0,0,0,0,0,0
Eden Hazard,2,0,0,5.04,0.72,0.00,9.36
Dries Mertens,2,0,0,1.18,0.00,2.37,3.55
Leandro Trossard,3,0,0,3.53,0.00,0.00,1.76
Michy Batshuayi,2,1,0,1.76,0.00,0.59,3.04
Lois Openda,1,0,0,1.00,0.00,7.50,0
Romelu Lukaku,2,0,0,1.70,0.00,0.00,5.10
Andre Onana,1,0,0,0,0,0,0
Davis Epassy,2,0,0,0,0,0,0
Simon Ngapandouetnbu,0,0,0,0,0,0,0
Enzo Ebosse,1,0,0,0.00,0.00,4.00,0
Collins Fai,3,0,0,0.33,1.33,1.00,3.10
Olivier Mbaizo,0,0,0,0,0,0,0
Jean Charles Castelletto,2,1,1,0.00,3.00,1.50,6.00
Nouhou Tolo,3,0,0,1.67,2.00,3.00,6.33
Christopher Wooh,1,0,0,0.00,1.00,2.00,2.00
Olivier Ntcham,1,0,0,1.00,0.00,0.00,4.09
Gael Ondoua,2,0,0,0.00,4.00,4.00,10.00
Pierre Kunde,2,0,0,0.00,2.67,2.67,4.67
Samuel Gouet,2,0,0,0.00,0.00,0.91,3.64
Andre0Frank Zambo Anguissa,3,0,0,1.38,1.72,1.38,6.55
Jerome Ngom,0,0,0,0,0,0,0
Moumi Ngamaleu,2,0,0,2.84,0.00,2.84,9.47
Christian Bassogog,1,0,0,4.00,3.91,0.00,0
Bryan Mbeumo,0,0,0,0,0,0,0
Georges0Kevin Nkoudou,2,0,0,1.00,0.00,0.00,3.60
Jean0Pierre Nsame,0,0,0,0,0,0,0
Vincent Aboubakar,3,2,1,3.83,0.00,0.00,6.39
Karl Toko Ekambi,3,0,0,2.16,0.54,0.54,3.77
Eric Maxim Choupo0Moting,3,1,0,2.48,0.35,1.42,10.63
Souaibou Marou,0,0,0,0,0,0,0
Marko Dmitrovic,0,0,0,0,0,0,0
Vanja Milinkovic0Savic,3,,,,,,
Stefan Mitrovic,0,0,0,0,0,0,0
Filip Mladenovic,1,0,0,2.73,0.00,0.00,2.72
Strahinja Pavlovic,3,1,0,0.38,0.38,3.05,14.11
Milos Veljkovic,3,0,0,0.00,0.00,1.21,2.83
Strahinja Erakovic,0,0,0,0,0,0,0
Srdan Babic,1,0,0,0.00,0.00,7.50,7.50
Nikola Milenkovic,3,0,0,0.00,1.67,3.33,8.00
Nemanja Gudelj,2,0,0,0.00,0.98,1.96,3.91
Filip Kostic,2,0,0,1.00,0.00,3.00,3.50
Nemanja Maksimovic,3,0,0,0.00,2.27,2.27,3.03
Sergej Milinkovic0Savic,3,1,0,1.91,0.76,1.91,6.86
Sasa Lukic,3,0,0,0.37,0.37,0.73,2.30
Andrija Zivkovic,3,0,2,0.42,1.27,2.11,5.50
Uros Racic,0,0,0,0,0,0,0
Ivan Ilic,1,0,0,0.00,2.73,0.00,5.46
Darko Lazovic,1,0,0,0.00,0.00,0.00,3.75
Marko Grujic,1,0,0,1.00,0.00,7.50,0
Aleksandr Mitrovic,3,2,0,0.34,0.00,0.34,4.45
Dusan Vlahovic,2,1,0,1.14,0.00,1.14,7.98
Nemanja Radonjic,3,0,0,3.16,0.00,0.00,3.16
Filip Duricic,2,0,0,0.00,0.00,0.00,0
Dusan Tadic,3,0,2,2.09,0.35,1.40,3.84
Manaf Nurudeen,0,0,0,0,0,0,0
Danlad Ibrahim,0,0,0,0,0,0,0
Lawrence Ati Zigi,3,0,0,0,0,0,0
Denis Odoi,1,0,0,0.58,0.00,7.50,7.50
Tariq Lamptey,2,0,0,1.76,0.88,3.53,5.29
Alidu Seidu,2,0,0,2.31,0.00,3.46,9.81
Daniel Amartey,3,0,0,0.33,1.00,2.00,6.00
Joseph Aidoo,0,0,0,0,0,0,0
Alexander Djiku,2,0,0,0.00,0.93,0.93,6.50
Mohammed Salisu,3,1,0,0.00,1.00,0.67,6.34
Abdul0Rahman Baba,3,0,0,1.98,0.49,2.47,6.93
Gideon Mensah,1,0,0,0.00,2.05,1.02,9.20
Andre Ayew,3,1,0,0.45,0.00,1.79,7.61
Thomas Partey,3,0,0,0.67,0.00,3.00,8.33
Elisha Owusu,0,0,0,0,0,0,0
Salis Abdul Samed,3,0,0,1.07,1.43,0.71,2.50
Mohammed Kudus,3,2,0,4.34,0.36,1.81,6.51
Daniel Kofi Kyereh,3,0,0,2.00,0.00,6.00,0
Daniel Barnieh Afriyie,0,0,0,0,0,0,0
Kamal Sowah,0,0,0,0,0,0,0
Issahaku Abdul Fatawu,0,0,0,0,0,0,0
Osman Bukari,2,1,0,2.00,0.00,1.55,3.10
Inaki Williams,3,0,1,36.00,0.00,1.07,3.57
Antoine Semenyo,2,0,0,0.00,0.00,0.00,10.00
Jordan Ayew,3,0,1,2.63,0.66,1.97,5.91
Kamaldeen Sulemana,0,0,0,0,0,0,0
Fernando Muslera,0,0,0,0,0,0,0
Sergio Rochet,0,0,0,0,0,0,0
Sebastian Sosa,0,0,0,0,0,0,0
Ronald Araujo,0,0,0,0,0,0,0
Martin Caceres,1,0,0,1.00,0.00,0.00,3.00
Sebastian Coates,2,0,0,0.00,0.50,0.50,7.50
Jose Maria Gimenez,3,0,0,0.00,2.33,1.33,7.00
Diego Godin,0,0,0,0,0,0,0
Mathias Olivera,3,0,0,0.71,0.71,3.18,8.47
Jose Luis Rodriguez,0,0,0,0,0,0,0
Matias Vina,0,0,0,0,0,0,0
Guillermo Varela,3,0,0,0.99,1.48,1.98,6.92
Matias Vecino,3,0,0,0.00,1.37,1.83,4.57
Nicol√°s de la Cruz,2,0,0,0.50,0.00,0.00,5.14
Rodrigo Bentancur,3,0,0,2.10,2.94,3.79,11.35
Federico Valverde,3,0,0,1.00,1.67,1.67,3.33
Giorgian de Arrascaeta,0,0,0,0,0,0,0
Lucas Torreira,0,0,0,0,0,0,0
Facundo Torres,0,0,0,0,0,0,0
Manuel Ugarte,0,0,0,0,0,0,0
Luis Suarez,0,0,0,0,0,0,0
Edinson Cavani,3,0,0,0.00,0.00,0.00,1.48
Maxi Gomez,2,0,0,0.00,0.00,0.00,0
Darwin Nunez,3,0,0,0.74,0.00,1.12,5.95
Facundo Pellistri,3,0,0,2.97,0.00,0.99,1.98
Agustin Canobbio,0,0,0,0,0,0,0
James Paternis,0,0,0,0,0,0,0
Milan Borjan,3,0,0,0,0,0,0
Dayne St Clair,0,0,0,0,0,0,0
Alistair Johnson,3,0,0,0.33,0.67,1.33,4.67
Sam Adekugbe,3,0,0,0.95,0.95,0.00,4.73
Kamal Miller,3,0,0,0.67,1.00,2.00,7.33
Steven Vit√≥ria,3,0,0,0.00,0.00,1.33,5.66
Richie Laryea,3,0,0,2.00,0.00,1.68,3.91
Derek Cornelius,0,0,0,0,0,0,0
Joel Waterman,0,0,0,0,0,0,0
Samuel Piette,0,0,0,0,0,0,0
Stephen Eustaquio,2,0,0,0.71,1.42,2.83,5.67
Atiba Hutchinson,3,0,0,0.56,0.56,2.25,9.56
Mark0Anthony Kaye,1,0,0,0.00,0.00,3.00,4.50
Jonathan Osorio,0,0,0,0,0,0,0
David Wotherspoon,1,0,0,1.00,0.00,0.00,0
Liam Fraser,0,0,0,0,0,0,0
Ismael Kone,3,0,0,0.00,0.00,0.00,0.86
Lucas Cavallini,1,0,0,0.00,0.00,0.00,0.00
Junior Hoilett,3,0,0,1.33,0.56,4.44,8.33
Tajon Buchanan,3,0,1,6.21,1.03,0.34,5.17
Cyle Larin,3,0,0,1.33,0.00,0.00,1.95
Alphonso Davies,3,1,0,6.00,1.00,0.67,6.67
Jonathan David,3,0,0,1.41,0.00,0.47,1.88
Liam Millar,1,0,0,0.00,0.00,0.00,0.00
Ike Ugbo,0,0,0,0,0,0,0
